"year","month","day","latitude","longitude","species","speciesKey","kingdom","countryCode","stateProvince"
1900,11,NA,-29.854167,31.05,"Egybolis vaillantina",1782645,"Animalia","ZA","KwaZulu-Natal"
1929,10,NA,-3.2149,40.1218,"Egybolis vaillantina",1782645,"Animalia","KE",""
1930,11,1,-3.2149,40.1218,"Egybolis vaillantina",1782645,"Animalia","KE",""
1930,12,7,-3.2149,40.1218,"Egybolis vaillantina",1782645,"Animalia","KE",""
1936,9,NA,-3.2149,40.1218,"Egybolis vaillantina",1782645,"Animalia","KE",""
1939,7,9,-3.369,39.9796,"Egybolis vaillantina",1782645,"Animalia","KE",""
1939,11,12,-3.369,39.9796,"Egybolis vaillantina",1782645,"Animalia","KE",""
1942,5,17,0.05,37.5667,"Egybolis vaillantina",1782645,"Animalia","KE",""
1942,7,14,0.05,37.5667,"Egybolis vaillantina",1782645,"Animalia","KE",""
1943,7,7,-3.2149,40.1218,"Egybolis vaillantina",1782645,"Animalia","KE",""
1946,4,8,-25.4711,32.7097,"Egybolis vaillantina",1782645,"Animalia","MZ","Maputo"
1947,4,4,-0.4091,36.9723,"Egybolis vaillantina",1782645,"Animalia","KE",""
1948,11,NA,-25.89197,32.605135,"Egybolis vaillantina",1782645,"Animalia","MZ","Cidade de Maputo"
1948,12,NA,-25.89197,32.605135,"Egybolis vaillantina",1782645,"Animalia","MZ","Cidade de Maputo"
1949,8,7,-26.84107,32.88712,"Egybolis vaillantina",1782645,"Animalia","MZ","Maputo"
1949,9,5,-25.96925,32.5732,"Egybolis vaillantina",1782645,"Animalia","MZ","Maputo"
1950,8,20,-28.636667,32.060278,"Egybolis vaillantina",1782645,"Animalia","ZA","KwaZulu-Natal"
1950,NA,NA,0.05,37.5667,"Egybolis vaillantina",1782645,"Animalia","KE",""
1952,12,NA,-25.89197,32.605135,"Egybolis vaillantina",1782645,"Animalia","MZ","Cidade de Maputo"
1953,1,NA,-25.89197,32.605135,"Egybolis vaillantina",1782645,"Animalia","MZ","Cidade de Maputo"
1955,9,NA,-25.402222,32.807222,"Egybolis vaillantina",1782645,"Animalia","MZ",""
1956,5,29,-29.815903,31.017681,"Egybolis vaillantina",1782645,"Animalia","ZA","KwaZulu-Natal Province"
1956,7,10,-29.725843,31.085628,"Egybolis vaillantina",1782645,"Animalia","ZA","KwaZulu-Natal Province"
1957,12,NA,-25.89197,32.605135,"Egybolis vaillantina",1782645,"Animalia","MZ","Cidade de Maputo"
1958,4,NA,-3.633333,39.85,"Egybolis vaillantina",1782645,"Animalia","KE",""
1959,1,15,-29.85,31.016667,"Egybolis vaillantina",1782645,"Animalia","ZA","KwaZulu-Natal"
1960,9,18,-23.703056,34.231667,"Egybolis vaillantina",1782645,"Animalia","MZ",""
1961,NA,NA,-29.483333,31.233333,"Egybolis vaillantina",1782645,"Animalia","ZA","KwaZulu-Natal"
1967,1,3,-25.96925,32.5732,"Egybolis vaillantina",1782645,"Animalia","MZ","Maputo"
1968,8,1,-25.89197,32.605135,"Egybolis vaillantina",1782645,"Animalia","MZ","Cidade de Maputo"
1970,NA,NA,-26.02834,32.33852,"Egybolis vaillantina",1782645,"Animalia","MZ","Maputo"
1972,2,8,-4.284454,39.521412,"Egybolis vaillantina",1782645,"Animalia","KE",""
1972,2,13,-4.292898,39.564042,"Egybolis vaillantina",1782645,"Animalia","KE",""
1972,6,21,-31.623889,29.545278,"Egybolis vaillantina",1782645,"Animalia","ZA","Eastern Cape"
1973,8,NA,-15.97763,31.84459,"Egybolis vaillantina",1782645,"Animalia","MZ","Tete"
1973,9,NA,-15.97763,31.84459,"Egybolis vaillantina",1782645,"Animalia","MZ","Tete"
1975,6,NA,-3.304022,39.985069,"Egybolis vaillantina",1782645,"Animalia","KE",""
1977,10,1,-30.4,30.683333,"Egybolis vaillantina",1782645,"Animalia","ZA","KwaZulu-Natal"
1978,12,10,-30.233333,30.783333,"Egybolis vaillantina",1782645,"Animalia","ZA","KwaZulu-Natal"
1979,2,NA,-0.5,34.5,"Egybolis vaillantina",1782645,"Animalia","KE",""
1979,5,23,-30.233333,30.783333,"Egybolis vaillantina",1782645,"Animalia","ZA","KwaZulu-Natal"
1979,12,12,-30.233333,30.783333,"Egybolis vaillantina",1782645,"Animalia","ZA","KwaZulu-Natal"
1981,4,17,-3.2149,40.1218,"Egybolis vaillantina",1782645,"Animalia","KE",""
1982,12,16,-30.095556,30.8575,"Egybolis vaillantina",1782645,"Animalia","ZA","KwaZulu-Natal"
1986,10,25,-29.854167,31.05,"Egybolis vaillantina",1782645,"Animalia","ZA","KwaZulu-Natal"
1990,7,24,-28.107222,32.450556,"Egybolis vaillantina",1782645,"Animalia","ZA","KwaZulu-Natal"
1991,1,9,-31.081944,30.194444,"Egybolis vaillantina",1782645,"Animalia","ZA","KwaZulu-Natal"
1991,6,17,-26.899167,32.866111,"Egybolis vaillantina",1782645,"Animalia","ZA","KwaZulu-Natal"
1991,10,12,-27.620833,32.276667,"Egybolis vaillantina",1782645,"Animalia","ZA","KwaZulu-Natal"
1993,5,16,-26.899167,32.866111,"Egybolis vaillantina",1782645,"Animalia","ZA","KwaZulu-Natal"
1998,1,28,-27.526389,30.219167,"Egybolis vaillantina",1782645,"Animalia","ZA","KwaZulu-Natal"
2000,11,27,-28.065,32.401667,"Egybolis vaillantina",1782645,"Animalia","ZA","KwaZulu-Natal"
2000,12,6,-28.065,32.401667,"Egybolis vaillantina",1782645,"Animalia","ZA","KwaZulu-Natal"
2006,4,19,-18.041516,35.20716,"Egybolis vaillantina",1782645,"Animalia","MZ","Sofala"
2008,1,27,-29.778534,30.832666,"Egybolis vaillantina",1782645,"Animalia","ZA","KwaZulu-Natal"
2008,8,3,-6.85605,39.360675,"Egybolis vaillantina",1782645,"Animalia","TZ","Dar es Salaam"
2008,8,21,-21.533276,35.201805,"Egybolis vaillantina",1782645,"Animalia","MZ","Inhambane"
2010,12,9,-30.3012,30.7427,"Egybolis vaillantina",1782645,"Animalia","ZA","KwaZulu-Natal"
2011,3,28,-31.673093,29.454112,"Egybolis vaillantina",1782645,"Animalia","ZA","Eastern Cape"
2011,12,9,-28.086819,32.52372,"Egybolis vaillantina",1782645,"Animalia","ZA","KwaZulu-Natal"
2012,8,5,-13.252651,31.933636,"Egybolis vaillantina",1782645,"Animalia","ZM","Zambia - Eastern"
2012,8,11,-3.421251,38.360992,"Egybolis vaillantina",1782645,"Animalia","KE","Taita Taveta"
2013,1,10,-26.83319,31.971175,"Egybolis vaillantina",1782645,"Animalia","SZ","Lubombo"
2013,3,27,-29.529645,31.220517,"Egybolis vaillantina",1782645,"Animalia","ZA","KwaZulu-Natal"
2013,6,16,-32.30438,28.82778,"Egybolis vaillantina",1782645,"Animalia","ZA","Eastern Cape"
2013,7,19,-15.788,34.68744,"Egybolis vaillantina",1782645,"Animalia","MW","Mwanza"
2013,11,23,-27.033,32.476,"Egybolis vaillantina",1782645,"Animalia","ZA","KwaZulu-Natal"
2013,11,24,-30.29948,30.74273,"Egybolis vaillantina",1782645,"Animalia","ZA","KwaZulu-Natal"
2013,12,5,-32.303949,28.827462,"Egybolis vaillantina",1782645,"Animalia","ZA","Eastern Cape"
2013,12,28,-32.851608,28.094711,"Egybolis vaillantina",1782645,"Animalia","ZA","Eastern Cape"
2014,2,20,-9.487556,34.02375,"Egybolis vaillantina",1782645,"Animalia","TZ","Mbeya"
2014,3,18,-32.303919,28.828852,"Egybolis vaillantina",1782645,"Animalia","ZA","Eastern Cape"
2014,5,2,-30.29948,30.74273,"Egybolis vaillantina",1782645,"Animalia","ZA","KwaZulu-Natal"
2014,5,21,-30.29948,30.74273,"Egybolis vaillantina",1782645,"Animalia","ZA","KwaZulu-Natal"
2014,5,25,-30.29948,30.74273,"Egybolis vaillantina",1782645,"Animalia","ZA","KwaZulu-Natal"
2014,6,15,-28.380907,32.414021,"Egybolis vaillantina",1782645,"Animalia","ZA","KwaZulu-Natal"
2014,7,2,-28.3834,32.4215,"Egybolis vaillantina",1782645,"Animalia","ZA","KwaZulu-Natal"
2014,7,11,-22.138978,35.123501,"Egybolis vaillantina",1782645,"Animalia","MZ","Inhambane"
2014,11,8,-29.111408,31.603898,"Egybolis vaillantina",1782645,"Animalia","ZA","KwaZulu-Natal"
2014,12,20,-32.851608,28.094711,"Egybolis vaillantina",1782645,"Animalia","ZA","Eastern Cape"
2015,1,31,-28.318879,31.844315,"Egybolis vaillantina",1782645,"Animalia","ZA","KwaZulu-Natal"
2015,1,31,-28.319012,31.833419,"Egybolis vaillantina",1782645,"Animalia","ZA","KwaZulu-Natal"
2015,2,26,-30.3013,30.7427,"Egybolis vaillantina",1782645,"Animalia","ZA","KwaZulu-Natal"
2015,5,20,-28.37622,32.41807,"Egybolis vaillantina",1782645,"Animalia","ZA","KwaZulu-Natal"
2015,6,14,-28.376202,32.417957,"Egybolis vaillantina",1782645,"Animalia","ZA","KwaZulu-Natal"
2015,10,15,-7.014803,37.813444,"Egybolis vaillantina",1782645,"Animalia","TZ","Morogoro"
2015,10,19,-30.29948,30.74273,"Egybolis vaillantina",1782645,"Animalia","ZA","KwaZulu-Natal"
2015,11,6,-30.29948,30.74273,"Egybolis vaillantina",1782645,"Animalia","ZA","KwaZulu-Natal"
2016,1,9,-30.29948,30.74273,"Egybolis vaillantina",1782645,"Animalia","ZA","KwaZulu-Natal"
2016,1,10,-30.29948,30.74273,"Egybolis vaillantina",1782645,"Animalia","ZA","KwaZulu-Natal"
2016,3,9,-28.584025,32.351406,"Egybolis vaillantina",1782645,"Animalia","ZA","KwaZulu-Natal"
2016,3,14,-31.661635,29.47805,"Egybolis vaillantina",1782645,"Animalia","ZA","Eastern Cape"
2016,3,14,-31.6664,29.4709,"Egybolis vaillantina",1782645,"Animalia","ZA","Eastern Cape"
2016,4,9,-28.3762,32.418,"Egybolis vaillantina",1782645,"Animalia","ZA","KwaZulu-Natal"
2016,4,11,-28.3762,32.418,"Egybolis vaillantina",1782645,"Animalia","ZA","KwaZulu-Natal"
2016,4,23,-28.768751,32.080033,"Egybolis vaillantina",1782645,"Animalia","ZA","KwaZulu-Natal"
2016,4,25,-30.29948,30.74273,"Egybolis vaillantina",1782645,"Animalia","ZA","KwaZulu-Natal"
2016,5,2,-30.29948,30.74273,"Egybolis vaillantina",1782645,"Animalia","ZA","KwaZulu-Natal"
2016,5,5,-28.3762,32.418,"Egybolis vaillantina",1782645,"Animalia","ZA","KwaZulu-Natal"
2016,6,19,-13.885583,34.608498,"Egybolis vaillantina",1782645,"Animalia","MW","Salima"
2016,6,19,-28.959994,31.756386,"Egybolis vaillantina",1782645,"Animalia","ZA","KwaZulu-Natal"
2016,7,10,-28.772391,32.08481,"Egybolis vaillantina",1782645,"Animalia","ZA","KwaZulu-Natal"
2016,8,6,-28.3762,32.4181,"Egybolis vaillantina",1782645,"Animalia","ZA","KwaZulu-Natal"
2016,8,29,-28.3762,32.4181,"Egybolis vaillantina",1782645,"Animalia","ZA","KwaZulu-Natal"
2016,9,15,-6.1352,39.4248,"Egybolis vaillantina",1782645,"Animalia","TZ","Tanzania - Unguja Kusini"
2016,10,17,-7.011925,37.814633,"Egybolis vaillantina",1782645,"Animalia","TZ","Morogoro"
2016,12,8,-32.243844,28.906099,"Egybolis vaillantina",1782645,"Animalia","ZA","Eastern Cape"
2016,12,9,-25.011454,34.044182,"Egybolis vaillantina",1782645,"Animalia","MZ","Gaza"
2016,12,14,-30.29948,30.74273,"Egybolis vaillantina",1782645,"Animalia","ZA","KwaZulu-Natal"
2017,1,29,-28.6052,32.1188,"Egybolis vaillantina",1782645,"Animalia","ZA","KwaZulu-Natal"
2017,3,2,-25.011454,34.044182,"Egybolis vaillantina",1782645,"Animalia","MZ","Gaza"
2017,4,30,-30.29948,30.74273,"Egybolis vaillantina",1782645,"Animalia","ZA","KwaZulu-Natal"
2017,5,25,-28.311416,31.86171,"Egybolis vaillantina",1782645,"Animalia","ZA","KwaZulu-Natal"
2017,5,25,-26.44961,32.92494,"Egybolis vaillantina",1782645,"Animalia","MZ","Maputo"
2017,7,20,-4.90104,39.677875,"Egybolis vaillantina",1782645,"Animalia","TZ","Pemba North"
2017,7,20,-4.933793,39.710502,"Egybolis vaillantina",1782645,"Animalia","TZ","Pemba North"
2017,7,21,-4.900655,39.678,"Egybolis vaillantina",1782645,"Animalia","TZ","Pemba North"
2017,7,21,-4.900915,39.678083,"Egybolis vaillantina",1782645,"Animalia","TZ","Pemba North"
2017,10,18,-15.766671,35.016787,"Egybolis vaillantina",1782645,"Animalia","MW","Blantyre"
2017,10,24,-30.301152,30.742576,"Egybolis vaillantina",1782645,"Animalia","ZA","KwaZulu-Natal"
2017,11,26,-30.30115,30.742654,"Egybolis vaillantina",1782645,"Animalia","ZA","KwaZulu-Natal"
2017,12,16,-28.267303,31.964007,"Egybolis vaillantina",1782645,"Animalia","ZA","South Africa - KwaZulu-Natal"
2017,12,19,-30.301098,30.74245,"Egybolis vaillantina",1782645,"Animalia","ZA","KwaZulu-Natal"
2017,12,21,-26.960972,32.810642,"Egybolis vaillantina",1782645,"Animalia","ZA","KwaZulu-Natal"
2017,12,24,-22.043686,35.323264,"Egybolis vaillantina",1782645,"Animalia","MZ","Inhambane"
2018,1,5,-26.09248,32.953225,"Egybolis vaillantina",1782645,"Animalia","MZ","Maputo"
2018,1,18,-30.301138,30.742324,"Egybolis vaillantina",1782645,"Animalia","ZA","KwaZulu-Natal"
2018,2,3,-30.301205,30.742385,"Egybolis vaillantina",1782645,"Animalia","ZA","KwaZulu-Natal"
2018,3,11,-29.841243,31.010064,"Egybolis vaillantina",1782645,"Animalia","ZA","KwaZulu-Natal"
2018,3,18,-29.845259,30.919633,"Egybolis vaillantina",1782645,"Animalia","ZA","KwaZulu-Natal"
2018,4,22,-25.010271,34.041835,"Egybolis vaillantina",1782645,"Animalia","MZ","Gaza"
2018,4,25,-30.301132,30.74238,"Egybolis vaillantina",1782645,"Animalia","ZA","KwaZulu-Natal"
2018,5,2,-30.301186,30.742557,"Egybolis vaillantina",1782645,"Animalia","ZA","KwaZulu-Natal"
2018,5,10,-30.301091,30.74238,"Egybolis vaillantina",1782645,"Animalia","ZA","KwaZulu-Natal"
2018,5,19,-16.559203,35.071608,"Egybolis vaillantina",1782645,"Animalia","MW","Nsanje"
2018,6,20,-30.301152,30.742492,"Egybolis vaillantina",1782645,"Animalia","ZA","KwaZulu-Natal"
2018,6,26,-30.292283,30.748501,"Egybolis vaillantina",1782645,"Animalia","ZA","KwaZulu-Natal"
2018,7,9,-26.954481,32.831904,"Egybolis vaillantina",1782645,"Animalia","ZA","KwaZulu-Natal"
2018,7,12,-28.959971,31.756356,"Egybolis vaillantina",1782645,"Animalia","ZA","KwaZulu-Natal"
2018,7,13,-6.850299,37.642576,"Egybolis vaillantina",1782645,"Animalia","TZ","Tanzania - Morogoro"
2018,7,13,-29.84552,31.007103,"Egybolis vaillantina",1782645,"Animalia","ZA","KwaZulu-Natal"
2018,7,24,-30.292984,30.749614,"Egybolis vaillantina",1782645,"Animalia","ZA","KwaZulu-Natal"
2018,8,4,-28.308523,31.86401,"Egybolis vaillantina",1782645,"Animalia","ZA","KwaZulu-Natal"
2018,8,13,-28.60473,32.116926,"Egybolis vaillantina",1782645,"Animalia","ZA","KwaZulu-Natal"
2018,8,14,-28.243731,32.395476,"Egybolis vaillantina",1782645,"Animalia","ZA","KwaZulu-Natal"
2018,10,11,-29.82405,30.926137,"Egybolis vaillantina",1782645,"Animalia","ZA","KwaZulu-Natal"
2018,10,19,-29.824233,30.926201,"Egybolis vaillantina",1782645,"Animalia","ZA","KwaZulu-Natal"
2018,10,27,-30.301561,30.74004,"Egybolis vaillantina",1782645,"Animalia","ZA","KwaZulu-Natal"
2018,11,23,-30.30128,30.742686,"Egybolis vaillantina",1782645,"Animalia","ZA","KwaZulu-Natal"
2018,11,24,-27.5524,32.6673,"Egybolis vaillantina",1782645,"Animalia","ZA","KwaZulu-Natal"
2018,12,11,-30.301285,30.742631,"Egybolis vaillantina",1782645,"Animalia","ZA","KwaZulu-Natal"
2018,12,23,-30.301098,30.742421,"Egybolis vaillantina",1782645,"Animalia","ZA","KwaZulu-Natal"
2019,1,27,-25.928318,32.622089,"Egybolis vaillantina",1782645,"Animalia","MZ","Maputo City"
2019,1,28,-5.917088,39.354947,"Egybolis vaillantina",1782645,"Animalia","TZ","Zanzibar North"
2019,4,17,-30.301198,30.742523,"Egybolis vaillantina",1782645,"Animalia","ZA","KwaZulu-Natal"
2019,4,19,-30.301191,30.742519,"Egybolis vaillantina",1782645,"Animalia","ZA","KwaZulu-Natal"
2019,4,27,-30.30121,30.742582,"Egybolis vaillantina",1782645,"Animalia","ZA","KwaZulu-Natal"
2019,6,16,-29.843339,31.006613,"Egybolis vaillantina",1782645,"Animalia","ZA","KwaZulu-Natal"
2019,7,1,-28.960074,31.756184,"Egybolis vaillantina",1782645,"Animalia","ZA","KwaZulu-Natal"
2019,7,2,-31.825772,29.303121,"Egybolis vaillantina",1782645,"Animalia","ZA","Eastern Cape"
2019,7,13,-29.768761,31.054401,"Egybolis vaillantina",1782645,"Animalia","ZA","KwaZulu-Natal"
2019,8,2,-4.366726,39.549809,"Egybolis vaillantina",1782645,"Animalia","KE","Kenya - Kwale"
2019,8,4,-15.902883,34.723014,"Egybolis vaillantina",1782645,"Animalia","MW","Chikwawa"
2019,8,29,-28.960089,31.756148,"Egybolis vaillantina",1782645,"Animalia","ZA","KwaZulu-Natal"
2019,8,31,-28.3762,32.4181,"Egybolis vaillantina",1782645,"Animalia","ZA","KwaZulu-Natal"
2019,10,7,-30.301127,30.742435,"Egybolis vaillantina",1782645,"Animalia","ZA","KwaZulu-Natal"
2019,10,7,-30.301122,30.742435,"Egybolis vaillantina",1782645,"Animalia","ZA","KwaZulu-Natal"
2019,10,12,-30.299614,30.739116,"Egybolis vaillantina",1782645,"Animalia","ZA","KwaZulu-Natal"
2019,11,13,-28.691658,32.00078,"Egybolis vaillantina",1782645,"Animalia","ZA","KwaZulu-Natal"
2019,11,13,-28.691164,32.00048,"Egybolis vaillantina",1782645,"Animalia","ZA","KwaZulu-Natal"
2019,11,24,-30.301099,30.742474,"Egybolis vaillantina",1782645,"Animalia","ZA","KwaZulu-Natal"
2019,12,18,-29.826264,30.92147,"Egybolis vaillantina",1782645,"Animalia","ZA","KwaZulu-Natal"
2019,12,23,-32.829576,28.114451,"Egybolis vaillantina",1782645,"Animalia","ZA","Eastern Cape"
2019,12,26,-30.301113,30.742478,"Egybolis vaillantina",1782645,"Animalia","ZA","KwaZulu-Natal"
2019,12,27,-23.928488,35.52281,"Egybolis vaillantina",1782645,"Animalia","MZ","Inhambane"
2020,1,10,-23.863833,35.544564,"Egybolis vaillantina",1782645,"Animalia","MZ","Inhambane"
2020,1,11,-29.824543,30.926038,"Egybolis vaillantina",1782645,"Animalia","ZA","KwaZulu-Natal"
2020,1,15,-30.301213,30.742579,"Egybolis vaillantina",1782645,"Animalia","ZA","KwaZulu-Natal"
2020,1,19,-28.960041,31.756197,"Egybolis vaillantina",1782645,"Animalia","ZA","KwaZulu-Natal"
2020,1,21,-28.956597,31.745393,"Egybolis vaillantina",1782645,"Animalia","ZA","KwaZulu-Natal"
2020,2,21,-26.957346,32.828488,"Egybolis vaillantina",1782645,"Animalia","ZA","KwaZulu-Natal"
2020,2,25,-3.343214,40.039451,"Egybolis vaillantina",1782645,"Animalia","KE","Kilifi"
2020,3,5,-32.915184,28.067246,"Egybolis vaillantina",1782645,"Animalia","ZA","Eastern Cape"
2020,4,16,-28.956597,31.745393,"Egybolis vaillantina",1782645,"Animalia","ZA","KwaZulu-Natal"
2020,4,23,-29.85953,30.98132,"Egybolis vaillantina",1782645,"Animalia","ZA","KwaZulu-Natal"
2020,5,1,-16.65988,35.052916,"Egybolis vaillantina",1782645,"Animalia","MW","Nsanje"
2020,5,4,-28.953116,31.763052,"Egybolis vaillantina",1782645,"Animalia","ZA","KwaZulu-Natal"
2020,5,6,-30.301216,30.742575,"Egybolis vaillantina",1782645,"Animalia","ZA","KwaZulu-Natal"
2020,5,7,-30.301213,30.742586,"Egybolis vaillantina",1782645,"Animalia","ZA","KwaZulu-Natal"
2020,5,13,-30.301218,30.742575,"Egybolis vaillantina",1782645,"Animalia","ZA","KwaZulu-Natal"
2020,5,27,-30.285005,30.735714,"Egybolis vaillantina",1782645,"Animalia","ZA","KwaZulu-Natal"
2020,5,28,-30.274515,30.738272,"Egybolis vaillantina",1782645,"Animalia","ZA","KwaZulu-Natal"
2020,5,29,-30.27584,30.741246,"Egybolis vaillantina",1782645,"Animalia","ZA","KwaZulu-Natal"
2020,5,31,-30.274132,30.735292,"Egybolis vaillantina",1782645,"Animalia","ZA","KwaZulu-Natal"
2020,6,5,-28.74212,31.150616,"Egybolis vaillantina",1782645,"Animalia","ZA","KwaZulu-Natal"
2020,6,7,-30.273845,30.738105,"Egybolis vaillantina",1782645,"Animalia","ZA","KwaZulu-Natal"
2020,6,7,-30.274737,30.736308,"Egybolis vaillantina",1782645,"Animalia","ZA","KwaZulu-Natal"
2020,6,10,-30.301115,30.742442,"Egybolis vaillantina",1782645,"Animalia","ZA","KwaZulu-Natal"
2020,6,14,-30.30113,30.742446,"Egybolis vaillantina",1782645,"Animalia","ZA","KwaZulu-Natal"
2020,6,15,-33.382196,25.792843,"Egybolis vaillantina",1782645,"Animalia","ZA","Eastern Cape"
2020,6,17,-28.757517,32.063215,"Egybolis vaillantina",1782645,"Animalia","ZA","KwaZulu-Natal"
2020,6,25,-6.908071,39.202309,"Egybolis vaillantina",1782645,"Animalia","TZ","Dar es Salaam"
2020,6,29,-30.301139,30.742568,"Egybolis vaillantina",1782645,"Animalia","ZA","KwaZulu-Natal"
2020,6,30,-4.866175,39.205129,"Egybolis vaillantina",1782645,"Animalia","TZ","Tanga"
2020,7,25,-28.956988,31.745546,"Egybolis vaillantina",1782645,"Animalia","ZA","KwaZulu-Natal"
2020,8,10,-28.1798,32.5361,"Egybolis vaillantina",1782645,"Animalia","ZA","KwaZulu-Natal"
2020,9,24,-3.306978,40.017841,"Egybolis vaillantina",1782645,"Animalia","KE","Kilifi"
2020,10,4,-26.156439,31.98236,"Egybolis vaillantina",1782645,"Animalia","SZ","Lubombo"
2020,10,16,-29.879637,30.987199,"Egybolis vaillantina",1782645,"Animalia","ZA","KwaZulu-Natal"
2020,10,24,-30.301137,30.742449,"Egybolis vaillantina",1782645,"Animalia","ZA","KwaZulu-Natal"
2020,11,14,-5.008679,39.702773,"Egybolis vaillantina",1782645,"Animalia","TZ","Pemba North"
2020,11,27,-12.834112,34.161739,"Egybolis vaillantina",1782645,"Animalia","MW","Nkhotakota"
2020,12,3,-30.272693,30.73879,"Egybolis vaillantina",1782645,"Animalia","ZA","KwaZulu-Natal"
2020,12,10,-30.301263,30.742716,"Egybolis vaillantina",1782645,"Animalia","ZA","KwaZulu-Natal"
2020,12,15,-28.3762,32.4181,"Egybolis vaillantina",1782645,"Animalia","ZA","KwaZulu-Natal"
2020,12,17,-30.301277,30.742718,"Egybolis vaillantina",1782645,"Animalia","ZA","KwaZulu-Natal"
2020,12,19,-27.330168,32.557225,"Egybolis vaillantina",1782645,"Animalia","ZA","KwaZulu-Natal"
2020,12,20,-27.539819,32.678251,"Egybolis vaillantina",1782645,"Animalia","ZA","KwaZulu-Natal"
2020,12,26,-29.831945,30.91869,"Egybolis vaillantina",1782645,"Animalia","ZA","KwaZulu-Natal"
2021,1,8,-30.254854,30.771801,"Egybolis vaillantina",1782645,"Animalia","ZA","KwaZulu-Natal"
2021,1,16,-28.959927,31.756299,"Egybolis vaillantina",1782645,"Animalia","ZA","KwaZulu-Natal"
2021,1,17,-28.3762,32.4181,"Egybolis vaillantina",1782645,"Animalia","ZA","KwaZulu-Natal"
2021,1,19,-30.273087,30.738591,"Egybolis vaillantina",1782645,"Animalia","ZA","KwaZulu-Natal"
2021,1,29,-29.824283,30.92559,"Egybolis vaillantina",1782645,"Animalia","ZA","KwaZulu-Natal"
2021,2,9,-30.272477,30.738267,"Egybolis vaillantina",1782645,"Animalia","ZA","KwaZulu-Natal"
2021,2,12,-30.272786,30.738982,"Egybolis vaillantina",1782645,"Animalia","ZA","KwaZulu-Natal"
2021,2,22,-30.301197,30.742574,"Egybolis vaillantina",1782645,"Animalia","ZA","KwaZulu-Natal"
2021,3,5,-29.806374,31.015196,"Egybolis vaillantina",1782645,"Animalia","ZA","KwaZulu-Natal"
2021,4,17,-30.301146,30.742438,"Egybolis vaillantina",1782645,"Animalia","ZA","KwaZulu-Natal"
2021,4,24,-26.156439,31.98236,"Egybolis vaillantina",1782645,"Animalia","SZ","Lubombo"
2021,4,30,-27.213702,32.782538,"Egybolis vaillantina",1782645,"Animalia","ZA","KwaZulu-Natal"
2021,5,12,-29.756621,31.036896,"Egybolis vaillantina",1782645,"Animalia","ZA","KwaZulu-Natal"
2021,6,30,-21.862642,35.418019,"Egybolis vaillantina",1782645,"Animalia","MZ","Inhambane"
2021,7,3,-15.937129,28.926131,"Egybolis vaillantina",1782645,"Animalia","ZM","Lusaka"
2021,7,5,-33.288687,25.70995,"Egybolis vaillantina",1782645,"Animalia","ZA","Eastern Cape"
2021,8,10,-28.959995,31.756408,"Egybolis vaillantina",1782645,"Animalia","ZA","KwaZulu-Natal"
2021,8,15,-12.835272,34.127334,"Egybolis vaillantina",1782645,"Animalia","MW","Nkhotakota"
2021,9,26,-26.985536,31.955383,"Egybolis vaillantina",1782645,"Animalia","SZ","Lubombo"
2021,10,1,-32.901638,28.073675,"Egybolis vaillantina",1782645,"Animalia","ZA","Eastern Cape"
2021,10,24,-16.214987,34.785028,"Egybolis vaillantina",1782645,"Animalia","MW","Chikwawa"
2021,11,5,-29.735712,31.074995,"Egybolis vaillantina",1782645,"Animalia","ZA","KwaZulu-Natal"
2021,11,9,-30.688023,30.488437,"Egybolis vaillantina",1782645,"Animalia","ZA","KwaZulu-Natal"
2021,11,12,-4.900483,39.678094,"Egybolis vaillantina",1782645,"Animalia","TZ","Pemba North"
2021,11,14,-4.899772,39.677937,"Egybolis vaillantina",1782645,"Animalia","TZ","Pemba North"
2021,11,20,-30.688025,30.488466,"Egybolis vaillantina",1782645,"Animalia","ZA","KwaZulu-Natal"
2021,12,15,-29.488582,31.236366,"Egybolis vaillantina",1782645,"Animalia","ZA","KwaZulu-Natal"
2021,12,17,-29.73972,31.076939,"Egybolis vaillantina",1782645,"Animalia","ZA","KwaZulu-Natal"
2021,12,18,-31.694178,29.418936,"Egybolis vaillantina",1782645,"Animalia","ZA","Eastern Cape"
2021,12,22,-32.986044,27.948578,"Egybolis vaillantina",1782645,"Animalia","ZA","Eastern Cape"
2021,12,23,-30.688002,30.48848,"Egybolis vaillantina",1782645,"Animalia","ZA","KwaZulu-Natal"
2021,12,26,-30.688031,30.488531,"Egybolis vaillantina",1782645,"Animalia","ZA","KwaZulu-Natal"
2021,12,27,-30.688057,30.488456,"Egybolis vaillantina",1782645,"Animalia","ZA","KwaZulu-Natal"
2022,1,11,-25.960138,32.578685,"Egybolis vaillantina",1782645,"Animalia","MZ","Maputo City"
2022,1,11,-29.776722,30.835772,"Egybolis vaillantina",1782645,"Animalia","ZA","KwaZulu-Natal"
2022,2,5,-23.317265,35.482673,"Egybolis vaillantina",1782645,"Animalia","MZ","Inhambane"
2022,3,2,-28.959828,31.756663,"Egybolis vaillantina",1782645,"Animalia","ZA","KwaZulu-Natal"
2022,3,4,-6.103073,39.214962,"Egybolis vaillantina",1782645,"Animalia","TZ","Zanzibar West"
2022,4,5,-29.75708,31.061363,"Egybolis vaillantina",1782645,"Animalia","ZA","KwaZulu-Natal"
2022,4,6,-6.180745,39.206356,"Egybolis vaillantina",1782645,"Animalia","TZ","Tanzania - Unguja Mjini Magharibi"
2022,4,23,-29.713528,31.093424,"Egybolis vaillantina",1782645,"Animalia","ZA","KwaZulu-Natal"
2022,4,25,-6.254726,39.229769,"Egybolis vaillantina",1782645,"Animalia","TZ","Tanzania - Unguja Mjini Magharibi"
2022,4,25,-28.959834,31.756664,"Egybolis vaillantina",1782645,"Animalia","ZA","KwaZulu-Natal"
2022,5,1,-27.321898,32.714759,"Egybolis vaillantina",1782645,"Animalia","ZA","KwaZulu-Natal"
2022,5,11,-29.869361,31.045426,"Egybolis vaillantina",1782645,"Animalia","ZA","KwaZulu-Natal"
2022,5,11,-29.86932,31.045347,"Egybolis vaillantina",1782645,"Animalia","ZA","KwaZulu-Natal"
2022,6,1,-29.869381,31.045441,"Egybolis vaillantina",1782645,"Animalia","ZA","KwaZulu-Natal"
2022,6,25,-32.683637,28.380209,"Egybolis vaillantina",1782645,"Animalia","ZA","Eastern Cape"
2022,6,28,-3.381295,39.986101,"Egybolis vaillantina",1782645,"Animalia","KE","Kilifi"
2022,7,5,-29.823186,31.018476,"Egybolis vaillantina",1782645,"Animalia","ZA","KwaZulu-Natal"
2022,7,22,-6.256592,39.229859,"Egybolis vaillantina",1782645,"Animalia","TZ","Tanzania - Unguja Mjini Magharibi"
2022,7,28,-29.548538,31.200307,"Egybolis vaillantina",1782645,"Animalia","ZA","KwaZulu-Natal"
2022,8,4,-29.867419,31.045379,"Egybolis vaillantina",1782645,"Animalia","ZA","KwaZulu-Natal"
2022,9,2,-29.844958,30.9195,"Egybolis vaillantina",1782645,"Animalia","ZA","KwaZulu-Natal"
2022,10,9,-29.691667,31.106667,"Egybolis vaillantina",1782645,"Animalia","ZA","KwaZulu-Natal"
2022,10,16,-28.812603,32.083981,"Egybolis vaillantina",1782645,"Animalia","ZA","KwaZulu-Natal"
2022,10,21,-6.041915,39.409791,"Egybolis vaillantina",1782645,"Animalia","TZ","Zanzibar South and Central"
2022,10,25,-29.820132,30.931331,"Egybolis vaillantina",1782645,"Animalia","ZA","KwaZulu-Natal"
2022,10,28,-30.639704,30.522514,"Egybolis vaillantina",1782645,"Animalia","ZA","KwaZulu-Natal"
2022,10,29,-29.900635,30.971868,"Egybolis vaillantina",1782645,"Animalia","ZA","KwaZulu-Natal"
2022,10,30,-29.813735,31.019333,"Egybolis vaillantina",1782645,"Animalia","ZA","KwaZulu-Natal"
2022,10,30,-29.845797,30.921142,"Egybolis vaillantina",1782645,"Animalia","ZA","KwaZulu-Natal"
2022,10,30,-30.30268,30.746172,"Egybolis vaillantina",1782645,"Animalia","ZA","KwaZulu-Natal"
2022,11,3,-4.94136,39.714833,"Egybolis vaillantina",1782645,"Animalia","TZ","Pemba North"
2022,11,24,4.619151,25.840224,"Egybolis vaillantina",1782645,"Animalia","CD","Orientale"
2022,12,1,-29.926278,31.007897,"Egybolis vaillantina",1782645,"Animalia","ZA","KwaZulu-Natal"
2022,12,2,-28.429218,32.299267,"Egybolis vaillantina",1782645,"Animalia","ZA","South Africa - KwaZulu-Natal"
2022,12,26,-32.827457,28.115677,"Egybolis vaillantina",1782645,"Animalia","ZA","Eastern Cape"
2022,12,29,-28.709619,31.981459,"Egybolis vaillantina",1782645,"Animalia","ZA","KwaZulu-Natal"
2023,1,4,-26.798408,32.889953,"Egybolis vaillantina",1782645,"Animalia","MZ","Maputo"
2023,1,7,-29.76984,31.046718,"Egybolis vaillantina",1782645,"Animalia","ZA","KwaZulu-Natal"
2023,2,8,-29.746271,30.830498,"Egybolis vaillantina",1782645,"Animalia","ZA","KwaZulu-Natal"
2023,2,12,-30.27518,30.74027,"Egybolis vaillantina",1782645,"Animalia","ZA","KwaZulu-Natal"
2023,2,13,-30.687467,30.488834,"Egybolis vaillantina",1782645,"Animalia","ZA","KwaZulu-Natal"
2023,2,20,-29.954131,30.9973,"Egybolis vaillantina",1782645,"Animalia","ZA","KwaZulu-Natal"
2023,2,23,-5.887925,39.353225,"Egybolis vaillantina",1782645,"Animalia","TZ","Zanzibar North"
2023,3,7,-14.204857,40.676429,"Egybolis vaillantina",1782645,"Animalia","MZ","Nampula"
2023,3,7,-5.87232,39.352698,"Egybolis vaillantina",1782645,"Animalia","TZ","Zanzibar North"
2023,4,15,-29.804829,31.040872,"Egybolis vaillantina",1782645,"Animalia","ZA","KwaZulu-Natal"
2023,4,28,-28.960016,31.756348,"Egybolis vaillantina",1782645,"Animalia","ZA","KwaZulu-Natal"
2023,5,9,-29.867863,31.045234,"Egybolis vaillantina",1782645,"Animalia","ZA","KwaZulu-Natal"
2023,5,12,-26.80843,32.884628,"Egybolis vaillantina",1782645,"Animalia","MZ","Maputo"
2023,5,12,-29.867763,31.045024,"Egybolis vaillantina",1782645,"Animalia","ZA","KwaZulu-Natal"
2023,5,13,-16.66347,35.052034,"Egybolis vaillantina",1782645,"Animalia","MW","Nsanje"
2023,5,16,-22.047275,35.32232,"Egybolis vaillantina",1782645,"Animalia","MZ","Inhambane"
2023,6,1,-30.021979,30.896279,"Egybolis vaillantina",1782645,"Animalia","ZA","KwaZulu-Natal"
2023,6,9,-29.83795,31.01625,"Egybolis vaillantina",1782645,"Animalia","ZA","KwaZulu-Natal"
2023,6,10,-29.867881,31.044531,"Egybolis vaillantina",1782645,"Animalia","ZA","KwaZulu-Natal"
2023,6,17,-30.496765,30.630266,"Egybolis vaillantina",1782645,"Animalia","ZA","KwaZulu-Natal"
2023,6,18,-5.86214,39.322984,"Egybolis vaillantina",1782645,"Animalia","TZ","Zanzibar North"
2023,6,24,-13.13703,40.500412,"Egybolis vaillantina",1782645,"Animalia","MZ","Cabo Delgado"
2023,6,25,-26.09228,32.953042,"Egybolis vaillantina",1782645,"Animalia","MZ","Maputo"
2023,7,22,-29.733031,31.05928,"Egybolis vaillantina",1782645,"Animalia","ZA","KwaZulu-Natal"
2023,7,23,-29.859203,30.98105,"Egybolis vaillantina",1782645,"Animalia","ZA","KwaZulu-Natal"
2023,7,24,-25.629499,32.661045,"Egybolis vaillantina",1782645,"Animalia","MZ","Maputo"
2023,7,29,-29.848557,31.007942,"Egybolis vaillantina",1782645,"Animalia","ZA","KwaZulu-Natal"
2023,8,3,-6.301708,39.541972,"Egybolis vaillantina",1782645,"Animalia","TZ","Zanzibar South and Central"
2023,8,4,-6.271199,39.414245,"Egybolis vaillantina",1782645,"Animalia","TZ","Zanzibar South and Central"
2023,8,12,-28.199017,32.505355,"Egybolis vaillantina",1782645,"Animalia","ZA","South Africa - KwaZulu-Natal"
2023,8,27,-25.969423,32.592895,"Egybolis vaillantina",1782645,"Animalia","MZ","Maputo City"
2023,10,17,-30.272811,30.741559,"Egybolis vaillantina",1782645,"Animalia","ZA","KwaZulu-Natal"
2023,11,1,-29.848103,31.008821,"Egybolis vaillantina",1782645,"Animalia","ZA","KwaZulu-Natal"
2023,11,4,-29.845117,30.919625,"Egybolis vaillantina",1782645,"Animalia","ZA","KwaZulu-Natal"
2023,11,10,-30.282283,30.753767,"Egybolis vaillantina",1782645,"Animalia","ZA","KwaZulu-Natal"
2023,11,26,-29.712088,31.089585,"Egybolis vaillantina",1782645,"Animalia","ZA","KwaZulu-Natal"
2023,11,27,-29.629999,30.98,"Egybolis vaillantina",1782645,"Animalia","ZA","KwaZulu-Natal"
2023,11,27,-29.668905,30.955811,"Egybolis vaillantina",1782645,"Animalia","ZA","KwaZulu-Natal"
2023,11,27,-29.630724,30.991756,"Egybolis vaillantina",1782645,"Animalia","ZA","KwaZulu-Natal"
2023,11,27,-21.252478,32.365686,"Egybolis vaillantina",1782645,"Animalia","ZW","Manicaland"
2023,11,27,-29.711498,31.09024,"Egybolis vaillantina",1782645,"Animalia","ZA","KwaZulu-Natal"
2023,11,27,-29.710077,31.090922,"Egybolis vaillantina",1782645,"Animalia","ZA","KwaZulu-Natal"
2023,12,1,-27.547536,32.668149,"Egybolis vaillantina",1782645,"Animalia","ZA","KwaZulu-Natal"
2023,12,7,-29.746659,31.014568,"Egybolis vaillantina",1782645,"Animalia","ZA","KwaZulu-Natal"
2023,12,17,-30.241387,30.781397,"Egybolis vaillantina",1782645,"Animalia","ZA","KwaZulu-Natal"
2023,12,28,-30.272706,30.738765,"Egybolis vaillantina",1782645,"Animalia","ZA","KwaZulu-Natal"
2024,1,5,-31.649844,29.451263,"Egybolis vaillantina",1782645,"Animalia","ZA","Eastern Cape"
2024,1,8,-28.23855,31.551092,"Egybolis vaillantina",1782645,"Animalia","ZA","KwaZulu-Natal"
2024,1,10,-5.291542,39.658558,"Egybolis vaillantina",1782645,"Animalia","TZ","Pemba South"
2024,1,14,-33.868771,25.091304,"Egybolis vaillantina",1782645,"Animalia","ZA","Eastern Cape"
2024,1,15,-5.291542,39.658558,"Egybolis vaillantina",1782645,"Animalia","TZ","Pemba South"
2024,1,19,-3.334753,40.019176,"Egybolis vaillantina",1782645,"Animalia","KE","Kilifi"
2024,1,21,-29.816949,31.017869,"Egybolis vaillantina",1782645,"Animalia","ZA","KwaZulu-Natal"
2024,1,27,-10.450951,34.271459,"Egybolis vaillantina",1782645,"Animalia","MW","Karonga"
2024,2,5,-30.272789,30.738688,"Egybolis vaillantina",1782645,"Animalia","ZA","KwaZulu-Natal"
2024,2,8,-27.419387,32.67718,"Egybolis vaillantina",1782645,"Animalia","ZA","KwaZulu-Natal"
2024,2,9,-21.25257,32.36586,"Egybolis vaillantina",1782645,"Animalia","ZW","Manicaland"
2024,2,16,-28.959839,31.756332,"Egybolis vaillantina",1782645,"Animalia","ZA","KwaZulu-Natal"
2024,2,20,-29.431551,31.253858,"Egybolis vaillantina",1782645,"Animalia","ZA","KwaZulu-Natal"
NA,NA,NA,-3.0944,40.1516,"Egybolis vaillantina",1782645,"Animalia","KE",""
